case,method,seed,shift,threshold,policy_threshold,policy_scale,train_seconds,selected_alpha,selected_threshold,local_depth,graph_depth,training_adi,use_adi,error_weighting,f1,auroc,auprc,brier,rmse_pos,rmse_all,prevalence,event_recall,alert_precision,false_alerts_per_100,ewlt,event_count,alert_count,variant
correlated,LocalXGBTuned,11,none,0.3299999999999999,0.5,0.25,65.54555931800019,0.8,0.26,3.0,2.0,1.006993006993007,True,False,0.7897698701855089,0.8769081090730575,0.8863523956459803,0.1386760175228119,1.0402995347976685,0.784746527671814,0.4514627659574468,0.1395348837209302,0.3272727272727272,2.4601063829787235,1.2222222222222223,129.0,55.0,LocalOnly
correlated,LocalXGBTuned,23,none,0.315,0.315,0.25,63.46668656599991,0.5,0.29,3.0,2.0,1.006993006993007,True,False,0.7651783935695404,0.8564716383273085,0.8691989332670134,0.1454893946647644,1.0519061088562012,0.8092327117919922,0.4514627659574468,0.1705426356589147,0.2650602409638554,4.055851063829787,1.2727272727272727,129.0,83.0,LocalOnly
correlated,LocalXGBTuned,37,none,0.295,0.295,0.25,62.46283556000003,0.3,0.275,3.0,2.0,1.006993006993007,True,False,0.7883977603125465,0.8742152006069531,0.8826590718634031,0.1446155607700348,1.0381873846054075,0.801876425743103,0.4514627659574468,0.1782945736434108,0.3770491803278688,2.526595744680851,1.2173913043478262,129.0,61.0,LocalOnly
correlated,LocalXGBTuned,53,none,0.305,0.305,0.25,62.60324589299989,0.4,0.285,3.0,2.0,1.006993006993007,True,False,0.7841109345659396,0.8696746552416654,0.8778482062021424,0.1437114924192428,1.0674173831939695,0.8158360123634338,0.4514627659574468,0.1627906976744186,0.3230769230769231,2.925531914893617,1.2857142857142858,129.0,65.0,LocalOnly
correlated,LocalXGBTuned,71,none,0.295,0.295,0.25,60.63026883800012,0.6000000000000001,0.3,3.0,2.0,1.006993006993007,True,False,0.7886911294641195,0.8761279957156245,0.8845896699370466,0.1405555456876754,1.0312657356262207,0.7892144918441772,0.4514627659574468,0.2480620155038759,0.3902439024390244,3.324468085106383,1.21875,129.0,82.0,LocalOnly
intermittent,LocalXGBTuned,11,none,0.535,0.535,0.0,70.58058318100007,0.0,0.535,3.0,2.0,2.548872180451128,True,False,0.6898969072164949,0.770552022070238,0.7894878426970001,0.1916522532701492,1.9815174341201784,1.508892059326172,0.4714095744680851,0.205607476635514,0.5432098765432098,2.4601063829787235,1.318181818181818,214.0,81.0,LocalOnly
intermittent,LocalXGBTuned,23,none,0.58,0.58,0.0,64.81265255900007,0.0,0.58,3.0,2.0,2.548872180451128,True,False,0.6991338094380763,0.7709840239153383,0.7909337187264179,0.1910806149244308,2.049446821212769,1.5520694255828855,0.4714095744680851,0.1121495327102803,0.5106382978723404,1.5292553191489362,1.3333333333333333,214.0,47.0,LocalOnly
intermittent,LocalXGBTuned,37,none,0.545,0.545,0.0,65.73332645200003,0.0,0.545,3.0,2.0,2.548872180451128,True,False,0.6984037859950268,0.7726916287445335,0.7914151006734632,0.1925679892301559,2.0294723510742188,1.5409557819366455,0.4714095744680851,0.2476635514018691,0.6022727272727273,2.327127659574468,1.320754716981132,214.0,88.0,LocalOnly
intermittent,LocalXGBTuned,53,none,0.555,0.555,0.0,67.13494311,0.0,0.555,3.0,2.0,2.548872180451128,True,False,0.6907661670684415,0.7709751532409008,0.7902404486980357,0.1942695528268814,2.0558571815490723,1.5597177743911743,0.4714095744680851,0.219626168224299,0.5529411764705883,2.526595744680851,1.2340425531914894,214.0,85.0,LocalOnly
intermittent,LocalXGBTuned,71,none,0.575,0.575,0.0,63.98580479599991,0.0,0.575,3.0,2.0,2.548872180451128,True,False,0.6913724766473271,0.7710647470527184,0.7889736421595787,0.1934985965490341,2.048999786376953,1.553890347480774,0.4714095744680851,0.1635514018691588,0.5147058823529411,2.1941489361702127,1.2,214.0,68.0,LocalOnly
retail,LocalXGBTuned,11,none,0.58,0.58,0.0,56.70049886099992,0.0,0.58,3.0,2.0,1.508860759493671,True,False,0.8612948627726953,0.9278982625764384,0.9562845169953617,0.1028301939368248,10.384227752685549,7.620794296264648,0.5625,0.0,,0.0,,64.0,0.0,LocalOnly
retail,LocalXGBTuned,23,none,0.535,0.535,0.0,53.26338693499997,0.0,0.535,6.0,2.0,1.508860759493671,True,False,0.8604328265534201,0.92935331385322,0.9577551161185426,0.1123958900570869,9.488245964050291,7.116517543792725,0.5625,0.0,,0.0,,64.0,0.0,LocalOnly
retail,LocalXGBTuned,37,none,0.49,0.49,0.0,51.40344633000018,0.0,0.49,3.0,2.0,1.508860759493671,True,False,0.8647224576084821,0.9320266168642976,0.9585895050924004,0.0985976830124855,7.546258926391602,5.475127220153809,0.5625,0.0,0.0,0.0856164383561643,,64.0,1.0,LocalOnly
retail,LocalXGBTuned,53,none,0.6,0.6,0.0,50.93066746800014,0.0,0.6,3.0,2.0,1.508860759493671,True,False,0.8604221850602529,0.9290777923729696,0.9568716487212326,0.1050509661436081,8.687027931213379,6.233948230743408,0.5625,0.0,,0.0,,64.0,0.0,LocalOnly
retail,LocalXGBTuned,71,none,0.59,0.59,0.0,54.24255905899986,0.0,0.59,3.0,2.0,1.508860759493671,True,False,0.8587095738339985,0.930873894563142,0.9576847091108924,0.1045177280902862,7.278395652770996,5.175507545471191,0.5625,0.0,,0.0,,64.0,0.0,LocalOnly
seasonal,LocalXGBTuned,11,none,0.235,0.235,0.0,66.68412338100006,0.3,0.24,3.0,2.0,1.0,True,False,0.6763822226408123,0.7743328362527543,0.4728863705269839,0.1134490966796875,0.4418274164199829,0.2338055968284607,0.1668882978723404,0.2777777777777778,0.3804347826086957,3.789893617021277,1.457142857142857,126.0,92.0,LocalOnly
seasonal,LocalXGBTuned,23,none,0.255,0.255,0.0,72.72362694000003,0.9,0.2249999999999999,6.0,2.0,1.0,True,False,0.675512405609493,0.7633758660489725,0.4738626046885225,0.1149560213088989,0.450987160205841,0.2380038201808929,0.1668882978723404,0.246031746031746,0.4078947368421052,2.992021276595745,1.4838709677419355,126.0,76.0,LocalOnly
seasonal,LocalXGBTuned,37,none,0.2299999999999999,0.2299999999999999,0.0,67.29007375899982,0.5,0.2299999999999999,3.0,2.0,1.0,True,False,0.6699526438999982,0.7721420781359797,0.4781171034290682,0.1138031408190727,0.4418590068817138,0.2349565625190735,0.1668882978723404,0.2777777777777778,0.4166666666666667,3.257978723404255,1.4285714285714286,126.0,84.0,LocalOnly
seasonal,LocalXGBTuned,53,none,0.215,0.215,0.0,60.377775160000056,0.9,0.25,3.0,2.0,1.0,True,False,0.6746564625778906,0.7757477671119195,0.4808842834644666,0.113151915371418,0.4429470300674438,0.2342004179954528,0.1668882978723404,0.2936507936507936,0.3978494623655914,3.723404255319149,1.4864864864864864,126.0,93.0,LocalOnly
seasonal,LocalXGBTuned,71,none,0.24,0.24,0.0,65.23991637599988,0.8,0.24,3.0,2.0,1.0,True,False,0.6795976033730305,0.7743137585333049,0.4788949536295844,0.1135182082653045,0.4446993470191955,0.2349631637334823,0.1668882978723404,0.2619047619047619,0.4024390243902439,3.257978723404255,1.4545454545454546,126.0,82.0,LocalOnly
correlated,IGRB,11,none,0.26,0.26,0.25,67.48116118600001,0.8,0.26,3.0,2.0,1.006993006993007,True,False,0.8009461665686628,0.8850698442451019,0.8931151196795084,0.1370521634817123,1.1599113941192627,0.8892307877540588,0.4514627659574468,0.2790697674418604,0.4235294117647059,3.257978723404255,1.3055555555555556,129.0,85.0,IGRB
correlated,IGRB,23,none,0.29,0.5,0.25,65.07809672999997,0.5,0.29,3.0,2.0,1.006993006993007,True,False,0.7805368402089714,0.8780863123131164,0.8855668285224128,0.1408693194389343,1.1207880973815918,0.8714762330055237,0.4514627659574468,0.1472868217054263,0.2878787878787879,3.125,1.263157894736842,129.0,66.0,IGRB
correlated,IGRB,37,none,0.275,0.275,0.25,64.30184146900001,0.3,0.275,3.0,2.0,1.006993006993007,True,False,0.7934444551012312,0.8803739902708976,0.8877481033897496,0.1411193013191223,1.0688633918762207,0.8250047564506531,0.4514627659574468,0.2015503875968992,0.3939393939393939,2.6595744680851063,1.2307692307692308,129.0,66.0,IGRB
correlated,IGRB,53,none,0.285,0.285,0.25,64.31835199800003,0.4,0.285,3.0,2.0,1.006993006993007,True,False,0.8029256932277321,0.8815093497567725,0.8894961400261989,0.1393889188766479,1.0950127840042114,0.8408477306365967,0.4514627659574468,0.2248062015503876,0.4461538461538462,2.393617021276596,1.3103448275862069,129.0,65.0,IGRB
correlated,IGRB,71,none,0.3,0.3,0.25,62.31966609899996,0.6000000000000001,0.3,3.0,2.0,1.006993006993007,True,False,0.7985092475206574,0.8852144419154728,0.8937065838467891,0.1358031630516052,1.1249406337738037,0.8579763770103455,0.4514627659574468,0.2248062015503876,0.4142857142857143,2.726063829787234,1.2758620689655171,129.0,70.0,IGRB
intermittent,IGRB,11,none,0.535,0.535,0.0,72.48685976899992,0.0,0.535,3.0,2.0,2.548872180451128,True,False,0.6898969072164949,0.770552022070238,0.7894878426970001,0.1916522532701492,1.9815174341201784,1.508892059326172,0.4714095744680851,0.205607476635514,0.5432098765432098,2.4601063829787235,1.318181818181818,214.0,81.0,IGRB
intermittent,IGRB,23,none,0.58,0.58,0.0,66.75951932200019,0.0,0.58,3.0,2.0,2.548872180451128,True,False,0.6991338094380763,0.7709840239153383,0.7909337187264179,0.1910806149244308,2.049446821212769,1.5520694255828855,0.4714095744680851,0.1121495327102803,0.5106382978723404,1.5292553191489362,1.3333333333333333,214.0,47.0,IGRB
intermittent,IGRB,37,none,0.545,0.545,0.0,67.64139267399992,0.0,0.545,3.0,2.0,2.548872180451128,True,False,0.6984037859950268,0.7726916287445335,0.7914151006734632,0.1925679892301559,2.0294723510742188,1.5409557819366455,0.4714095744680851,0.2476635514018691,0.6022727272727273,2.327127659574468,1.320754716981132,214.0,88.0,IGRB
intermittent,IGRB,53,none,0.555,0.555,0.0,68.91540014599991,0.0,0.555,3.0,2.0,2.548872180451128,True,False,0.6907661670684415,0.7709751532409008,0.7902404486980357,0.1942695528268814,2.0558571815490723,1.5597177743911743,0.4714095744680851,0.219626168224299,0.5529411764705883,2.526595744680851,1.2340425531914894,214.0,85.0,IGRB
intermittent,IGRB,71,none,0.575,0.575,0.0,65.56977896600006,0.0,0.575,3.0,2.0,2.548872180451128,True,False,0.6913724766473271,0.7710647470527184,0.7889736421595787,0.1934985965490341,2.048999786376953,1.553890347480774,0.4714095744680851,0.1635514018691588,0.5147058823529411,2.1941489361702127,1.2,214.0,68.0,IGRB
retail,IGRB,11,none,0.58,0.58,0.0,58.33551936399999,0.0,0.58,3.0,2.0,1.508860759493671,True,False,0.8612948627726953,0.9278982625764384,0.9562845169953617,0.1028301939368248,10.384227752685549,7.620794296264648,0.5625,0.0,,0.0,,64.0,0.0,IGRB
retail,IGRB,23,none,0.535,0.535,0.0,54.79354429299997,0.0,0.535,6.0,2.0,1.508860759493671,True,False,0.8604328265534201,0.92935331385322,0.9577551161185426,0.1123958900570869,9.488245964050291,7.116517543792725,0.5625,0.0,,0.0,,64.0,0.0,IGRB
retail,IGRB,37,none,0.49,0.49,0.0,52.96391546100017,0.0,0.49,3.0,2.0,1.508860759493671,True,False,0.8647224576084821,0.9320266168642976,0.9585895050924004,0.0985976830124855,7.546258926391602,5.475127220153809,0.5625,0.0,0.0,0.0856164383561643,,64.0,1.0,IGRB
retail,IGRB,53,none,0.6,0.6,0.0,52.46490039600008,0.0,0.6,3.0,2.0,1.508860759493671,True,False,0.8604221850602529,0.9290777923729696,0.9568716487212326,0.1050509661436081,8.687027931213379,6.233948230743408,0.5625,0.0,,0.0,,64.0,0.0,IGRB
retail,IGRB,71,none,0.59,0.59,0.0,55.539310259999866,0.0,0.59,3.0,2.0,1.508860759493671,True,False,0.8587095738339985,0.930873894563142,0.9576847091108924,0.1045177280902862,7.278395652770996,5.175507545471191,0.5625,0.0,,0.0,,64.0,0.0,IGRB
seasonal,IGRB,11,none,0.24,0.24,0.0,69.05803076400002,0.3,0.24,3.0,2.0,1.0,True,False,0.6838193181083774,0.7788892315812568,0.4790589555549449,0.112886406481266,0.4405312836170196,0.232687160372734,0.1668882978723404,0.2698412698412698,0.4146341463414634,3.191489361702128,1.4705882352941178,126.0,82.0,IGRB
seasonal,IGRB,23,none,0.2249999999999999,0.2249999999999999,0.0,75.29871538199995,0.9,0.2249999999999999,6.0,2.0,1.0,True,False,0.6820950163884528,0.7827492901498555,0.4823167145595792,0.1131022199988365,0.4439672827720642,0.2315794080495834,0.1668882978723404,0.2698412698412698,0.3908045977011494,3.523936170212766,1.4705882352941178,126.0,87.0,IGRB
seasonal,IGRB,37,none,0.2299999999999999,0.2299999999999999,0.0,69.01906461999988,0.5,0.2299999999999999,3.0,2.0,1.0,True,False,0.6774640686246662,0.7811086062772056,0.4875865652774171,0.1128941625356674,0.439946711063385,0.2325019687414169,0.1668882978723404,0.2619047619047619,0.375,3.656914893617021,1.4545454545454546,126.0,88.0,IGRB
seasonal,IGRB,53,none,0.25,0.25,0.0,62.07059542600018,0.9,0.25,3.0,2.0,1.0,True,False,0.682991202346041,0.7864567269628587,0.4907900739835035,0.1123855039477348,0.4397266507148742,0.231550857424736,0.1668882978723404,0.238095238095238,0.379746835443038,3.257978723404255,1.4333333333333331,126.0,79.0,IGRB
seasonal,IGRB,71,none,0.24,0.24,0.0,67.19251577299997,0.8,0.24,3.0,2.0,1.0,True,False,0.6754072399023288,0.7824376873988484,0.48638756517024,0.1128332689404487,0.4435391724109649,0.2309095114469528,0.1668882978723404,0.246031746031746,0.4025974025974026,3.0585106382978724,1.3870967741935485,126.0,77.0,IGRB
seasonal,,11,,,,,,,,,,,,,0.6838193181083774,0.7832755172446685,0.48366726327423004,0.11306744068861008,0.44585758447647095,0.23211540281772614,0.1668882978723404,,,,,,,GraphOnly
seasonal,,23,,,,,,,,,,,,,0.6849006148465211,0.7827333920503143,0.47701466618013966,0.11327724903821945,0.4454708397388458,0.23135021328926086,0.1668882978723404,,,,,,,GraphOnly
seasonal,,37,,,,,,,,,,,,,0.6813673864443777,0.7844392581310831,0.4829094173399785,0.11299090832471848,0.4470692276954651,0.23153261840343475,0.1668882978723404,,,,,,,GraphOnly
seasonal,,53,,,,,,,,,,,,,0.6800222054291969,0.7866252468179955,0.4891848059494354,0.11253334581851959,0.4406484365463257,0.2316046506166458,0.1668882978723404,,,,,,,GraphOnly
seasonal,,71,,,,,,,,,,,,,0.6740466254748811,0.7825076390368295,0.48340041791225224,0.11317192018032074,0.44755348563194275,0.23073223233222961,0.1668882978723404,,,,,,,GraphOnly
intermittent,,11,,,,,,,,,,,,,0.6812790829644761,0.7658674188998589,0.783737479386696,0.1916915476322174,1.9397222995758057,1.4863836765289307,0.4714095744680851,,,,,,,GraphOnly
intermittent,,23,,,,,,,,,,,,,0.6832568151437293,0.7642689233662436,0.7837062919235904,0.19405263662338257,1.935397744178772,1.4837924242019653,0.4714095744680851,,,,,,,GraphOnly
intermittent,,37,,,,,,,,,,,,,0.6838145926164308,0.7665823952595114,0.7842995196016118,0.1915459781885147,1.917992115020752,1.4734493494033813,0.4714095744680851,,,,,,,GraphOnly
intermittent,,53,,,,,,,,,,,,,0.6866620538221699,0.7659933824768698,0.7846368253229365,0.19114220142364502,1.9153380393981934,1.471962809562683,0.4714095744680851,,,,,,,GraphOnly
intermittent,,71,,,,,,,,,,,,,0.6903770933469384,0.7675510729080732,0.7862660339012648,0.19238780438899994,1.9308712482452393,1.4820467233657837,0.4714095744680851,,,,,,,GraphOnly
correlated,,11,,,,,,,,,,,,,0.7985278962061446,0.8845110902842862,0.8911310214577034,0.13786211609840393,1.2134430408477783,0.9310927391052246,0.45146276595744683,,,,,,,GraphOnly
correlated,,23,,,,,,,,,,,,,0.7997159090909092,0.8831856116392199,0.888807913533777,0.14056842029094696,1.2381585836410522,0.9705362319946289,0.45146276595744683,,,,,,,GraphOnly
correlated,,37,,,,,,,,,,,,,0.799817053997656,0.8849591645467935,0.8903812624651851,0.13644351065158844,1.2024954557418823,0.9213948249816895,0.45146276595744683,,,,,,,GraphOnly
correlated,,53,,,,,,,,,,,,,0.8177018439792163,0.8870477975632616,0.8952122527099258,0.13583658635616302,1.1807109117507935,0.9080211520195007,0.45146276595744683,,,,,,,GraphOnly
correlated,,71,,,,,,,,,,,,,0.809877862051775,0.8857419556388628,0.8939257596640953,0.13474616408348083,1.2284252643585205,0.9304066300392151,0.45146276595744683,,,,,,,GraphOnly
retail,,11,,,,,,,,,,,,,0.8647224576084821,0.929332463579039,0.9581973215313889,0.09490171074867249,9.153050422668457,6.494624137878418,0.5625,,,,,,,GraphOnly
retail,,23,,,,,,,,,,,,,0.8612867280511407,0.9329067962958,0.9603077500596051,0.09459488838911057,7.969468116760254,5.6352338790893555,0.5625,,,,,,,GraphOnly
retail,,37,,,,,,,,,,,,,0.8621493494450362,0.9338569730763387,0.9603858052954669,0.09519341588020325,9.957390785217285,7.102915287017822,0.5625,,,,,,,GraphOnly
retail,,53,,,,,,,,,,,,,0.8621453072092062,0.9333342269165124,0.9604713327729244,0.09422533214092255,12.053943634033203,8.681120872497559,0.5625,,,,,,,GraphOnly
retail,,71,,,,,,,,,,,,,0.8621493494450362,0.9326953149433914,0.9600604416786832,0.09451378881931305,7.592939376831055,5.390397548675537,0.5625,,,,,,,GraphOnly
correlated,IGRB,11,none,0.3299999999999999,0.5,1.0,35.78647295900009,0.1,0.3299999999999999,3.0,2.0,1.006993006993007,True,True,0.7926807812922264,0.879150265542018,0.8884636096515675,0.13772913813591,1.0416851043701172,0.7891309261322021,0.4514627659574468,0.1472868217054263,0.3454545454545454,2.393617021276596,1.3157894736842106,129.0,55.0,ErrorWeighted
correlated,IGRB,23,none,0.295,0.5,1.0,34.63022963399999,0.1,0.295,3.0,2.0,1.006993006993007,True,True,0.7710844502806856,0.8609505957959566,0.8724426784248992,0.1440516412258148,1.0532445907592771,0.8129848837852478,0.4514627659574468,0.2713178294573643,0.35,4.321808510638298,1.3142857142857145,129.0,100.0,ErrorWeighted
correlated,IGRB,37,none,0.305,0.5,1.0,35.167179558999806,0.5,0.305,3.0,2.0,1.006993006993007,True,True,0.8065551358157943,0.8802088633016469,0.8897584377350038,0.1391890048980713,1.080795168876648,0.8412908315658569,0.4514627659574468,0.1937984496124031,0.3846153846153846,2.6595744680851063,1.36,129.0,65.0,ErrorWeighted
correlated,IGRB,53,none,0.3,0.5,1.0,35.86280455700012,0.4,0.3,3.0,2.0,1.006993006993007,True,True,0.7915285599897723,0.8782853572544294,0.8874898759161796,0.1392832398414611,1.0683131217956543,0.8258287906646729,0.4514627659574468,0.2093023255813953,0.36,3.191489361702128,1.3333333333333333,129.0,75.0,ErrorWeighted
correlated,IGRB,71,none,0.35,0.5,1.0,37.20721389999994,0.7000000000000001,0.35,3.0,2.0,1.006993006993007,True,True,0.8039878331180003,0.8802124336144954,0.8916752011450604,0.1362302005290985,1.118732213973999,0.8616424202919006,0.4514627659574468,0.2403100775193798,0.484375,2.1941489361702127,1.4193548387096775,129.0,64.0,ErrorWeighted
seasonal,IGRB,11,none,0.31,0.5,1.0,38.75236930599999,0.7000000000000001,0.31,3.0,2.0,1.0,True,True,0.6851511111600798,0.7833661364120534,0.4805100927521322,0.1134291812777519,0.4582949578762054,0.2368576377630233,0.1668882978723404,0.2857142857142857,0.4137931034482758,3.390957446808511,1.4722222222222223,126.0,87.0,ErrorWeighted
seasonal,IGRB,23,none,0.31,0.5,1.0,44.975531929,0.6000000000000001,0.31,6.0,2.0,1.0,True,True,0.6754854002336457,0.7750005564334839,0.488922284455805,0.1131026521325111,0.4543281197547912,0.236450508236885,0.1668882978723404,0.2301587301587301,0.4084507042253521,2.792553191489361,1.4827586206896552,126.0,71.0,ErrorWeighted
seasonal,IGRB,37,none,0.255,0.5,1.0,39.124059348999936,0.3,0.255,3.0,2.0,1.0,True,True,0.6781094304499958,0.777302601247047,0.4848174795211522,0.1127774193882942,0.4390860497951507,0.2333476245403289,0.1668882978723404,0.2936507936507936,0.4111111111111111,3.523936170212766,1.5135135135135136,126.0,90.0,ErrorWeighted
seasonal,IGRB,53,none,0.285,0.5,1.0,38.45362785900011,0.7000000000000001,0.285,3.0,2.0,1.0,True,True,0.6869796869796869,0.7801165648658359,0.4813113308655219,0.1134369447827339,0.452343612909317,0.2346100211143493,0.1668882978723404,0.2857142857142857,0.4137931034482758,3.390957446808511,1.4722222222222223,126.0,87.0,ErrorWeighted
seasonal,IGRB,71,none,0.26,0.5,1.0,35.93753301499987,0.4,0.26,3.0,2.0,1.0,True,True,0.6783074539000462,0.7791436011739157,0.4846156853811478,0.1126493513584137,0.4458775520324707,0.2339370995759964,0.1668882978723404,0.2936507936507936,0.3978494623655914,3.723404255319149,1.4054054054054057,126.0,93.0,ErrorWeighted
intermittent,IGRB,11,none,0.51,0.5,1.0,40.07568117099993,0.8,0.51,3.0,2.0,2.548872180451128,False,False,0.6886709310589907,0.7683174991794626,0.7866821419559085,0.1911750137805938,1.941939115524292,1.487063765525818,0.4714095744680851,0.1869158878504672,0.5128205128205128,2.526595744680851,1.275,214.0,78.0,NoADI
intermittent,IGRB,23,none,0.555,0.5,1.0,51.10373287900006,0.5,0.555,3.0,4.0,2.548872180451128,False,False,0.6849171454517664,0.7690218307297904,0.7892674867567329,0.1911615580320358,2.089744806289673,1.5773720741271973,0.4714095744680851,0.1728971962616822,0.5211267605633803,2.2606382978723403,1.2702702702702702,214.0,71.0,NoADI
intermittent,IGRB,37,none,0.555,0.5,1.0,50.72415296000008,0.9,0.555,3.0,4.0,2.548872180451128,False,False,0.6925930528018037,0.7646521365019382,0.7851323816173671,0.1928713321685791,2.1521315574646,1.617978811264038,0.4714095744680851,0.1822429906542056,0.52,2.393617021276596,1.3333333333333333,214.0,75.0,NoADI
intermittent,IGRB,53,none,0.525,0.5,1.0,41.83057492199987,0.7000000000000001,0.525,3.0,2.0,2.548872180451128,False,False,0.6872647644338294,0.7689242533109792,0.7879419285347979,0.1911109983921051,1.9479968547821045,1.4916151762008667,0.4714095744680851,0.2009345794392523,0.5375,2.4601063829787235,1.255813953488372,214.0,80.0,NoADI
intermittent,IGRB,71,none,0.555,0.5,1.0,48.13738868199994,0.7000000000000001,0.555,3.0,4.0,2.548872180451128,False,False,0.6894698301441031,0.7664511092778383,0.7870579823534527,0.1931763440370559,2.1013503074646,1.5854228734970093,0.4714095744680851,0.1962616822429906,0.525,2.526595744680851,1.261904761904762,214.0,80.0,NoADI
retail,IGRB,11,none,0.605,0.5,1.0,29.80333494799993,0.7000000000000001,0.605,3.0,2.0,1.508860759493671,False,False,0.8621453072092062,0.9294992657724878,0.9579707968513116,0.0968557223677635,9.251090049743652,6.647603988647461,0.5625,0.0,,0.0,,64.0,0.0,NoADI
retail,IGRB,23,none,0.575,0.5,1.0,36.01779264400011,0.3,0.575,6.0,4.0,1.508860759493671,False,False,0.8612912022660697,0.9327965877036996,0.9593110998630155,0.1062721163034439,8.318208694458008,6.23655891418457,0.5625,0.0,,0.0,,64.0,0.0,NoADI
retail,IGRB,37,none,0.62,0.5,1.0,31.590295732999948,0.8,0.62,3.0,2.0,1.508860759493671,False,False,0.8612912022660697,0.9340059036062038,0.9603146840255926,0.0956919267773628,9.277974128723145,6.644017219543457,0.5625,0.0,,0.0,,64.0,0.0,NoADI
retail,IGRB,53,none,0.6,0.5,1.0,31.010729930000025,0.0,0.6,3.0,2.0,1.508860759493671,False,False,0.8604221850602529,0.9290777923729696,0.9568716487212326,0.1050509661436081,8.687027931213379,6.233948230743408,0.5625,0.0,,0.0,,64.0,0.0,NoADI
retail,IGRB,71,none,0.5,0.5,1.0,31.158544020999894,0.3,0.5,3.0,2.0,1.508860759493671,False,False,0.8664367896977587,0.93223363030081,0.9588499569927398,0.1011940538883209,7.195903301239014,5.132025241851807,0.5625,0.0,,0.0,,64.0,0.0,NoADI
