case,variant,f1,f1_sd
correlated,ErrorWeighted,0.7931673520992958,0.014025802167565948
correlated,GraphOnly,0.8051281130651402,0.008392273044270994
correlated,IGRB,0.795272480525451,0.00896827479302462
correlated,LocalOnly,0.783229617619531,0.010319109983590116
intermittent,GraphOnly,0.6850779275787489,0.0035332102939548875
intermittent,IGRB,0.6939146292730733,0.004469614480565424
intermittent,LocalOnly,0.6939146292730733,0.004469614480565424
intermittent,NoADI,0.6885831447780987,0.0028306782544470395
retail,GraphOnly,0.8624906383517803,0.0013021738593919907
retail,IGRB,0.8611163811657697,0.0022235961676944915
retail,LocalOnly,0.8611163811657697,0.0022235961676944915
retail,NoADI,0.8623173372998714,0.0023820679375846526
seasonal,ErrorWeighted,0.6808066165446909,0.00497034711668368
seasonal,GraphOnly,0.6808312300606708,0.004256213300100143
seasonal,IGRB,0.6803553690739733,0.0037019094166830706
seasonal,LocalOnly,0.6752202676202449,0.0034879180090381023
