adi_cutoff,case,training_adi,graph_active,n_model_seeds,f1,local_f1,delta_f1,auprc,local_auprc,delta_auprc,brier,local_brier,delta_brier,rmse_pos,local_rmse_pos,delta_rmse_pos
1.0,seasonal,1.0,True,5,0.6803553690739733,0.6752202676202448,0.00513510145372853,0.48522797490913694,0.47692906314772515,0.008298911761411787,0.11282031238079067,0.11377567648887632,-0.0009553641080856518,0.44154222011566163,0.44446399211883547,-0.0029217720031738392
1.2,seasonal,1.0,True,5,0.6803553690739733,0.6752202676202448,0.00513510145372853,0.48522797490913694,0.47692906314772515,0.008298911761411787,0.11282031238079067,0.11377567648887632,-0.0009553641080856518,0.44154222011566163,0.44446399211883547,-0.0029217720031738392
1.32,seasonal,1.0,True,5,0.6803553690739733,0.6752202676202448,0.00513510145372853,0.48522797490913694,0.47692906314772515,0.008298911761411787,0.11282031238079067,0.11377567648887632,-0.0009553641080856518,0.44154222011566163,0.44446399211883547,-0.0029217720031738392
1.5,seasonal,1.0,True,5,0.6803553690739733,0.6752202676202448,0.00513510145372853,0.48522797490913694,0.47692906314772515,0.008298911761411787,0.11282031238079067,0.11377567648887632,-0.0009553641080856518,0.44154222011566163,0.44446399211883547,-0.0029217720031738392
2.0,seasonal,1.0,True,5,0.6803553690739733,0.6752202676202448,0.00513510145372853,0.48522797490913694,0.47692906314772515,0.008298911761411787,0.11282031238079067,0.11377567648887632,-0.0009553641080856518,0.44154222011566163,0.44446399211883547,-0.0029217720031738392
1.0,correlated,1.006993006993007,False,5,0.783229617619531,0.783229617619531,0.0,0.8801296553831172,0.8801296553831172,0.0,0.14260960221290586,0.14260960221290586,0.0,1.0458152294158936,1.0458152294158936,0.0
1.2,correlated,1.006993006993007,True,5,0.795272480525451,0.783229617619531,0.012042862905919938,0.8899265550929318,0.8801296553831172,0.009796899709814677,0.1388465732336044,0.14260960221290586,-0.003763028979301475,1.1139032602310182,1.0458152294158936,0.0680880308151246
1.32,correlated,1.006993006993007,True,5,0.795272480525451,0.783229617619531,0.012042862905919938,0.8899265550929318,0.8801296553831172,0.009796899709814677,0.1388465732336044,0.14260960221290586,-0.003763028979301475,1.1139032602310182,1.0458152294158936,0.0680880308151246
1.5,correlated,1.006993006993007,True,5,0.795272480525451,0.783229617619531,0.012042862905919938,0.8899265550929318,0.8801296553831172,0.009796899709814677,0.1388465732336044,0.14260960221290586,-0.003763028979301475,1.1139032602310182,1.0458152294158936,0.0680880308151246
2.0,correlated,1.006993006993007,True,5,0.795272480525451,0.783229617619531,0.012042862905919938,0.8899265550929318,0.8801296553831172,0.009796899709814677,0.1388465732336044,0.14260960221290586,-0.003763028979301475,1.1139032602310182,1.0458152294158936,0.0680880308151246
1.0,fmcg,1.1426121421712303,False,5,0.7573315137518402,0.7573315137518402,0.0,0.6321626545328305,0.6321626545328305,0.0,0.07356595098972316,0.07356595098972316,0.0,0.7375708103179932,0.7375708103179932,0.0
1.2,fmcg,1.1426121421712303,True,5,0.7591665457854917,0.7573315137518402,0.0018350320336515402,0.6328637069650532,0.6321626545328305,0.0007010524322227374,0.07373086661100384,0.07356595098972316,0.00016491562128068127,0.6903334975242614,0.7375708103179932,-0.04723731279373178
1.32,fmcg,1.1426121421712303,True,5,0.7591665457854917,0.7573315137518402,0.0018350320336515402,0.6328637069650532,0.6321626545328305,0.0007010524322227374,0.07373086661100384,0.07356595098972316,0.00016491562128068127,0.6903334975242614,0.7375708103179932,-0.04723731279373178
1.5,fmcg,1.1426121421712303,True,5,0.7591665457854917,0.7573315137518402,0.0018350320336515402,0.6328637069650532,0.6321626545328305,0.0007010524322227374,0.07373086661100384,0.07356595098972316,0.00016491562128068127,0.6903334975242614,0.7375708103179932,-0.04723731279373178
2.0,fmcg,1.1426121421712303,True,5,0.7591665457854917,0.7573315137518402,0.0018350320336515402,0.6328637069650532,0.6321626545328305,0.0007010524322227374,0.07373086661100384,0.07356595098972316,0.00016491562128068127,0.6903334975242614,0.7375708103179932,-0.04723731279373178
1.0,retail,1.508860759493671,False,5,0.8611163811657697,0.8611163811657697,0.0,0.9574370992076859,0.9574370992076859,0.0,0.1046784922480583,0.1046784922480583,0.0,8.676831245422363,8.676831245422363,0.0
1.2,retail,1.508860759493671,False,5,0.8611163811657697,0.8611163811657697,0.0,0.9574370992076859,0.9574370992076859,0.0,0.1046784922480583,0.1046784922480583,0.0,8.676831245422363,8.676831245422363,0.0
1.32,retail,1.508860759493671,False,5,0.8611163811657697,0.8611163811657697,0.0,0.9574370992076859,0.9574370992076859,0.0,0.1046784922480583,0.1046784922480583,0.0,8.676831245422363,8.676831245422363,0.0
1.5,retail,1.508860759493671,False,5,0.8611163811657697,0.8611163811657697,0.0,0.9574370992076859,0.9574370992076859,0.0,0.1046784922480583,0.1046784922480583,0.0,8.676831245422363,8.676831245422363,0.0
2.0,retail,1.508860759493671,True,5,0.8623173372998716,0.8611163811657697,0.0012009561341018715,0.9586636372907785,0.9574370992076859,0.0012265380830925876,0.10101295709609984,0.1046784922480583,-0.0036655351519584572,8.54604082107544,8.676831245422363,-0.13079042434692312
1.0,intermittent,2.548872180451128,False,5,0.6939146292730733,0.6939146292730733,0.0,0.7902101505908992,0.7902101505908992,0.0,0.19261380136013026,0.19261380136013026,0.0,2.0330587148666384,2.0330587148666384,0.0
1.2,intermittent,2.548872180451128,False,5,0.6939146292730733,0.6939146292730733,0.0,0.7902101505908992,0.7902101505908992,0.0,0.19261380136013026,0.19261380136013026,0.0,2.0330587148666384,2.0330587148666384,0.0
1.32,intermittent,2.548872180451128,False,5,0.6939146292730733,0.6939146292730733,0.0,0.7902101505908992,0.7902101505908992,0.0,0.19261380136013026,0.19261380136013026,0.0,2.0330587148666384,2.0330587148666384,0.0
1.5,intermittent,2.548872180451128,False,5,0.6939146292730733,0.6939146292730733,0.0,0.7902101505908992,0.7902101505908992,0.0,0.19261380136013026,0.19261380136013026,0.0,2.0330587148666384,2.0330587148666384,0.0
2.0,intermittent,2.548872180451128,False,5,0.6939146292730733,0.6939146292730733,0.0,0.7902101505908992,0.7902101505908992,0.0,0.19261380136013026,0.19261380136013026,0.0,2.0330587148666384,2.0330587148666384,0.0
