Method,Seasonal,Intermittent,Correlated,Retail-driven
Persistence,0.623000,0.671000,0.770000,0.848000
Local balance,0.438000,0.582000,0.673000,0.748000
XGBoost (original),0.608000,0.682000,0.786000,0.861000
Pooled LSTM,0.610000,0.682000,0.778000,0.570000
Mean GNN,0.611000,0.662000,0.766000,0.485000
Relational mean GNN,0.627000,0.662000,0.786000,0.594000
Mean GNN + GRU,0.609000,0.666000,0.745000,0.327000
Homogeneous attention,0.606000,0.661000,0.786000,0.614000
Relational attention + GRU,0.641000,0.662000,0.760000,0.416000
HetST-GNN,0.640000,0.671000,0.780000,0.635000
Tuned local expert,0.675220,0.693915,0.783230,0.861116
IGRB (proposed),0.680355,0.693915,0.795272,0.861116
