case,demand_seed,model_seed,method,shift,threshold,f1,auroc,auprc,brier,rmse_pos,rmse_all,prevalence
seasonal,202,11,GraphOnly,none,0.205,0.6314383412232317,0.7724486279974102,0.4035441605941519,0.10075382143259048,0.4347670376300812,0.19956816732883453,0.13497340425531915
seasonal,202,11,GraphOnly,lead,0.205,0.7510802699927217,0.8739457046109483,0.7973697299832911,0.2039228230714798,0.5187443494796753,0.423300564289093,0.37699468085106386
seasonal,202,11,GraphOnly,policy,0.205,0.7403809523809524,0.8871497183925919,0.8378739007364376,0.23492901027202606,0.5025956630706787,0.43176141381263733,0.41688829787234044
seasonal,303,23,GraphOnly,none,0.255,0.619254909606213,0.764781164924291,0.37477582794095277,0.10277630388736725,0.3660484254360199,0.18032042682170868,0.13497340425531915
seasonal,303,23,GraphOnly,lead,0.255,0.7192095588235294,0.8470846212781696,0.7197131052454454,0.17459934949874878,0.49584075808525085,0.36875855922698975,0.31981382978723405
seasonal,303,23,GraphOnly,policy,0.255,0.7096150861604101,0.8546447652004979,0.7633339537974753,0.202078714966774,0.4944678246974945,0.39180850982666016,0.3696808510638298
seasonal,404,37,GraphOnly,none,0.245,0.6633194755356572,0.7566927741614385,0.4578496434793946,0.11233486235141754,0.44555357098579407,0.23186422884464264,0.16090425531914893
seasonal,404,37,GraphOnly,lead,0.245,0.7303395148596387,0.8680492152515106,0.8027002893570536,0.19390897452831268,0.6485791206359863,0.4727851450443268,0.37300531914893614
seasonal,404,37,GraphOnly,policy,0.245,0.716218682633376,0.8785480084233985,0.8362761792544949,0.2158191204071045,0.6258218884468079,0.45969483256340027,0.40625
seasonal,505,53,GraphOnly,none,0.27,0.6680292559819306,0.767302939000848,0.468279346204927,0.10105200111865997,0.4545457363128662,0.2050934135913849,0.14295212765957446
seasonal,505,53,GraphOnly,lead,0.27,0.777663591801447,0.864545475368781,0.7984904731202893,0.17982730269432068,0.508396327495575,0.3718698024749756,0.36436170212765956
seasonal,505,53,GraphOnly,policy,0.27,0.7332871155319443,0.8538842899190581,0.8005063518777058,0.20551949739456177,0.48814189434051514,0.3799631595611572,0.4015957446808511
seasonal,606,71,GraphOnly,none,0.28500000000000003,0.68069403714565,0.7615698419410944,0.4550865530627857,0.11625491082668304,0.4312479794025421,0.22893816232681274,0.1668882978723404
seasonal,606,71,GraphOnly,lead,0.28500000000000003,0.8152591015476964,0.8860359045737547,0.8424300539360378,0.14630354940891266,0.5798009634017944,0.3940722644329071,0.3829787234042553
seasonal,606,71,GraphOnly,policy,0.28500000000000003,0.8027369122583581,0.877378786882611,0.8494847781248707,0.15836967527866364,0.5775941014289856,0.4011072516441345,0.4109042553191489
intermittent,202,11,GraphOnly,none,0.44999999999999996,0.6743190522209099,0.7660300515312448,0.7456914498063147,0.19168928265571594,1.3279595375061035,1.084153413772583,0.4428191489361702
intermittent,202,11,GraphOnly,lead,0.44999999999999996,0.6791670267000778,0.7619664569036704,0.7597109759755777,0.19403360784053802,1.3272026777267456,1.100075364112854,0.4601063829787234
intermittent,202,11,GraphOnly,policy,0.44999999999999996,0.6831984282009984,0.760100843923131,0.7611051394099867,0.19675065577030182,1.3483879566192627,1.1180751323699951,0.4621010638297872
intermittent,303,23,GraphOnly,none,0.43500000000000005,0.6949263038548753,0.7728490400234335,0.7796875784910592,0.1881299912929535,1.4970990419387817,1.2078558206558228,0.46875
intermittent,303,23,GraphOnly,lead,0.43500000000000005,0.6915625000000001,0.769497538410881,0.7847428920070341,0.19190938770771027,1.5159308910369873,1.2375396490097046,0.4833776595744681
intermittent,303,23,GraphOnly,policy,0.43500000000000005,0.6905068602245942,0.7750484226166786,0.7938825242340269,0.19348300993442535,1.5407204627990723,1.2586085796356201,0.4913563829787234
intermittent,404,37,GraphOnly,none,0.49,0.682520310781566,0.78405216622458,0.806592311334954,0.18469052016735077,1.4756972789764404,1.2311002016067505,0.49867021276595747
intermittent,404,37,GraphOnly,lead,0.49,0.6907807049882313,0.7888874145236768,0.8172632775001764,0.18444280326366425,1.4896132946014404,1.2423771619796753,0.5113031914893617
intermittent,404,37,GraphOnly,policy,0.49,0.6841367276214748,0.7837306892125182,0.8165440146275063,0.18772800266742706,1.5139118432998657,1.2611072063446045,0.5179521276595744
intermittent,505,53,GraphOnly,none,0.46499999999999997,0.7070338349877254,0.7809634431806686,0.7901786544753935,0.1850321739912033,1.5018812417984009,1.201512336730957,0.47007978723404253
intermittent,505,53,GraphOnly,lead,0.46499999999999997,0.6962097693916427,0.7759502095842303,0.7904289306668009,0.18835072219371796,1.492243766784668,1.2213022708892822,0.48404255319148937
intermittent,505,53,GraphOnly,policy,0.46499999999999997,0.6923505243882733,0.7742424564085144,0.796207758670354,0.19060073792934418,1.5338234901428223,1.2480278015136719,0.48936170212765956
intermittent,606,71,GraphOnly,none,0.545,0.6938916662027501,0.7817997593005557,0.7945680300756421,0.1892697811126709,1.5067492723464966,1.2804628610610962,0.4853723404255319
intermittent,606,71,GraphOnly,lead,0.545,0.698917362064208,0.7915395674293506,0.8124090688679592,0.18500789999961853,1.5285083055496216,1.3160532712936401,0.5006648936170213
intermittent,606,71,GraphOnly,policy,0.545,0.6871661408730657,0.7919178145184682,0.8178470443759723,0.1863483339548111,1.5641438961029053,1.337777853012085,0.5066489361702128
correlated,202,11,GraphOnly,none,0.36,0.5825151940158952,0.6646274300508721,0.1826996805109703,0.08408331125974655,0.37637558579444885,0.1553809940814972,0.0851063829787234
correlated,202,11,GraphOnly,lead,0.36,0.630996500561718,0.7407307972333455,0.3402748025275978,0.10840217769145966,0.6212615966796875,0.29815179109573364,0.10904255319148937
correlated,202,11,GraphOnly,policy,0.36,0.6112480827131739,0.7289781027693089,0.37268400432426896,0.130903422832489,0.819411039352417,0.37019312381744385,0.1276595744680851
correlated,303,23,GraphOnly,none,0.775,0.7544719798747525,0.9089333573858365,0.8639622866754543,0.1035178154706955,0.911465048789978,0.5209567546844482,0.2898936170212766
correlated,303,23,GraphOnly,lead,0.775,0.7695888782183198,0.9285478239909181,0.9052963096140092,0.10421156138181686,1.044879674911499,0.6810134649276733,0.3497340425531915
correlated,303,23,GraphOnly,policy,0.775,0.7446326353924132,0.91821109633289,0.8970365088452296,0.1171557828783989,1.0514123439788818,0.6992151141166687,0.3683510638297872
correlated,404,37,GraphOnly,none,0.46499999999999997,0.8431182535196102,0.8974144132361116,0.8664644851490331,0.10021992027759552,0.8946926593780518,0.5840132236480713,0.31648936170212766
correlated,404,37,GraphOnly,lead,0.46499999999999997,0.8485426562796884,0.9080646935856531,0.9054323324023366,0.10603640973567963,1.1283286809921265,0.8219550848007202,0.40558510638297873
correlated,404,37,GraphOnly,policy,0.46499999999999997,0.7922182311421466,0.8583344366476897,0.8505598275855865,0.13263797760009766,0.9598074555397034,0.697348415851593,0.3863031914893617
correlated,505,53,GraphOnly,none,0.185,0.8382438317565482,0.8910757211538461,0.857055820030361,0.08850213140249252,0.976901650428772,0.5702839493751526,0.2765957446808511
correlated,505,53,GraphOnly,lead,0.185,0.8702516175413372,0.9116900045827181,0.9042999787103823,0.07665875554084778,1.1155990362167358,0.6760270595550537,0.3184840425531915
correlated,505,53,GraphOnly,policy,0.185,0.8667875296526808,0.9080310854504405,0.9017249684987696,0.07773963361978531,1.1074035167694092,0.6816713213920593,0.31981382978723405
correlated,606,71,GraphOnly,none,0.31,0.7837082691319979,0.8503102000763234,0.7991431701260358,0.1130845919251442,1.0808700323104858,0.6473937630653381,0.28257978723404253
correlated,606,71,GraphOnly,lead,0.31,0.7979484154497318,0.8616949650746867,0.8404557324145422,0.11809303611516953,1.3168290853500366,0.8506600260734558,0.33444148936170215
correlated,606,71,GraphOnly,policy,0.31,0.7801321853672798,0.8382208465110019,0.8245719117900159,0.13861867785453796,1.2365343570709229,0.8342690467834473,0.3583776595744681
