case,shift,n,local_f1,igrb_f1,delta,ci_low,ci_high,wins,ties,losses
correlated,lead,10,0.7166457240297245,0.731557561777586,0.01491183774786159,-0.008266000002592939,0.035829931623415086,8,0,2
correlated,none,10,0.6695375546310649,0.6963956333358496,0.026858078704784783,0.007953963283884374,0.043574900600914734,9,0,1
correlated,policy,10,0.6990266954528441,0.7218322646167877,0.022805569163943516,0.00935929255695152,0.04195999655985308,9,0,1
intermittent,lead,5,0.684456397399867,0.684456397399867,0.0,0.0,0.0,0,5,0
intermittent,none,5,0.6884262535443502,0.6884262535443502,0.0,0.0,0.0,0,5,0
intermittent,policy,5,0.6787576197949815,0.6787576197949815,0.0,0.0,0.0,0,5,0
seasonal,lead,10,0.7425174619015127,0.7337820262983337,-0.008735435603178987,-0.027771534334786626,0.008681061572277736,4,0,6
seasonal,none,10,0.6491495657506726,0.6524631725111874,0.0033136067605147534,-0.002777172862639976,0.008897193283591443,7,0,3
seasonal,policy,10,0.72120304399408,0.7129586025484775,-0.008244441445602569,-0.02757000205085776,0.00879117293445628,5,0,5
