case,demand_seed,model_seed,method,shift,elapsed,selected_alpha,selected_threshold,local_depth,graph_depth,training_adi,use_adi,error_weighting,f1,auroc,auprc,brier,rmse_pos,rmse_all,prevalence
seasonal,202,11,LocalXGBTuned,none,45.08263251799997,0.3,0.32,3,4,1.0,True,False,0.6177669958990354,0.7613487919485958,0.3791028887196513,0.1040114313364029,0.4018072187900543,0.1972232013940811,0.1349734042553191
seasonal,202,11,LocalXGBTuned,lead,45.11466821700003,0.3,0.32,3,4,1.0,True,False,0.7331633520312766,0.8978766335578857,0.8349584216610381,0.1804775148630142,0.5169981718063354,0.401639848947525,0.3769946808510638
seasonal,202,11,LocalXGBTuned,policy,45.16593068500004,0.3,0.32,3,4,1.0,True,False,0.7193471721250125,0.909108185619018,0.8722041320517835,0.2034563571214676,0.5015704035758972,0.4071498811244964,0.4168882978723404
seasonal,202,11,IGRB,none,45.21599131999994,0.3,0.32,3,4,1.0,True,False,0.6313350482252806,0.7683479551538605,0.3897222571013291,0.1022811457514762,0.4072760045528412,0.1969851553440094,0.1349734042553191
seasonal,202,11,IGRB,lead,45.24848182700009,0.3,0.32,3,4,1.0,True,False,0.7117838118747564,0.8969750357156974,0.8309469542783974,0.1865345984697342,0.5109596848487854,0.405732125043869,0.3769946808510638
seasonal,202,11,IGRB,policy,45.28487867699994,0.3,0.32,3,4,1.0,True,False,0.6974158509762225,0.9100656689926327,0.8715063672569835,0.2119694352149963,0.4959187805652618,0.4126091301441192,0.4168882978723404
seasonal,303,23,LocalXGBTuned,none,38.678641709999965,0.5,0.255,3,2,1.0,True,False,0.615290257466361,0.7512712843095307,0.3774326352483256,0.1017306819558143,0.3728731274604797,0.1811098754405975,0.1349734042553191
seasonal,303,23,LocalXGBTuned,lead,38.70626512600006,0.5,0.255,3,2,1.0,True,False,0.7028629374174993,0.8391425488199681,0.7183499721236747,0.1850284039974212,0.5331047773361206,0.382032185792923,0.319813829787234
seasonal,303,23,LocalXGBTuned,policy,38.73565496100014,0.5,0.255,3,2,1.0,True,False,0.6670279415263423,0.8477104392435418,0.7520456171598104,0.2180084735155105,0.5285809636116028,0.40803062915802,0.3696808510638298
seasonal,303,23,IGRB,none,38.76545141299994,0.5,0.255,3,2,1.0,True,False,0.6191440871106609,0.7629636921958479,0.3833208894455883,0.1015632078051567,0.3649535179138183,0.1796201169490814,0.1349734042553191
seasonal,303,23,IGRB,lead,38.79365416700011,0.5,0.255,3,2,1.0,True,False,0.6981232186459877,0.8480418157837514,0.7253546304210203,0.1794579625129699,0.5028857588768005,0.3736193478107452,0.319813829787234
seasonal,303,23,IGRB,policy,38.820891243000005,0.5,0.255,3,2,1.0,True,False,0.6750821922915803,0.8558020672069939,0.76360321623858,0.2098054140806198,0.4971606433391571,0.3978211581707001,0.3696808510638298
seasonal,404,37,LocalXGBTuned,none,37.31319393099989,1.0,0.245,3,2,1.0017421602787455,True,False,0.6528739097590036,0.750042566567563,0.4499095894033637,0.1130134910345077,0.4504252076148987,0.2316353470087051,0.1609042553191489
seasonal,404,37,LocalXGBTuned,lead,37.34401626699992,1.0,0.245,3,2,1.0017421602787455,True,False,0.7076869322152342,0.8558153426221545,0.7904856684381669,0.1996037065982818,0.6564955115318298,0.4876358211040497,0.3730053191489361
seasonal,404,37,LocalXGBTuned,policy,37.381064640999966,1.0,0.245,3,2,1.0017421602787455,True,False,0.6860477930268634,0.8646409700470837,0.8219734828641001,0.2233621478080749,0.6460089087486267,0.481756180524826,0.40625
seasonal,404,37,IGRB,none,37.420555067999885,1.0,0.245,3,2,1.0017421602787455,True,False,0.6633194755356572,0.7566927741614385,0.4578496434793946,0.1123348623514175,0.445553570985794,0.2318642288446426,0.1609042553191489
seasonal,404,37,IGRB,lead,37.449943089999806,1.0,0.245,3,2,1.0017421602787455,True,False,0.7303395148596387,0.8680492152515106,0.8027002893570536,0.1939089745283126,0.6485791206359863,0.4727851152420044,0.3730053191489361
seasonal,404,37,IGRB,policy,37.48023260299988,1.0,0.245,3,2,1.0017421602787455,True,False,0.716218682633376,0.8785480084233985,0.8362761792544949,0.2158191204071045,0.6258218884468079,0.4596948325634002,0.40625
seasonal,505,53,LocalXGBTuned,none,34.79269535000003,1.0,0.27,3,2,1.0,True,False,0.65477666069871,0.772435816479333,0.4651891533410549,0.0998557284474372,0.4398292005062103,0.2005503177642822,0.1429521276595744
seasonal,505,53,LocalXGBTuned,lead,34.8200761170001,1.0,0.27,3,2,1.0,True,False,0.7412556584196208,0.8773592829001616,0.813414176870124,0.1899661272764206,0.5170242190361023,0.3915059566497803,0.3643617021276595
seasonal,505,53,LocalXGBTuned,policy,34.84755699000016,1.0,0.27,3,2,1.0,True,False,0.7153290400018466,0.8621845106696101,0.8083663890599774,0.2198883146047592,0.4964639842510223,0.4010664820671081,0.4015957446808511
seasonal,505,53,IGRB,none,34.87716975700005,1.0,0.27,3,2,1.0,True,False,0.6680292559819306,0.767302939000848,0.468279346204927,0.1010520011186599,0.4545457363128662,0.2050934135913849,0.1429521276595744
seasonal,505,53,IGRB,lead,34.90500774600014,1.0,0.27,3,2,1.0,True,False,0.777663591801447,0.864545475368781,0.7984904731202893,0.1798273026943206,0.508396327495575,0.3718698024749756,0.3643617021276595
seasonal,505,53,IGRB,policy,34.934388571,1.0,0.27,3,2,1.0,True,False,0.7332871155319443,0.8538842899190581,0.8005063518777058,0.2055194973945617,0.4881418943405151,0.3799631595611572,0.4015957446808511
seasonal,606,71,LocalXGBTuned,none,35.303065465000145,0.2,0.3349999999999999,3,2,1.0,True,False,0.6543019847367673,0.74812958858898,0.4273235066488234,0.1195013970136642,0.4255979061126709,0.2297291159629821,0.1668882978723404
seasonal,606,71,LocalXGBTuned,lead,35.332359631000145,0.2,0.3349999999999999,3,2,1.0,True,False,0.7547561173229622,0.8738756435584293,0.820035455595806,0.1627506911754608,0.6234570741653442,0.4557879865169525,0.3829787234042553
seasonal,606,71,LocalXGBTuned,policy,35.38890045800008,0.2,0.3349999999999999,3,2,1.0,True,False,0.7549117967545917,0.8676956175531644,0.8338535188173317,0.1748340278863906,0.6116801500320435,0.4643941819667816,0.4109042553191489
seasonal,606,71,IGRB,none,35.43545080800004,0.2,0.3349999999999999,3,2,1.0,True,False,0.6576770046042916,0.7525524398813365,0.4340471068060469,0.1183957457542419,0.4245145320892334,0.2287820428609848,0.1668882978723404
seasonal,606,71,IGRB,lead,35.48107934000018,0.2,0.3349999999999999,3,2,1.0,True,False,0.7658986471287638,0.8790054028975096,0.8273209615838645,0.1587949991226196,0.5987702012062073,0.4391001760959625,0.3829787234042553
seasonal,606,71,IGRB,policy,35.527464392000184,0.2,0.3349999999999999,3,2,1.0,True,False,0.7608758417803997,0.8721975059720791,0.8389667398076275,0.170930802822113,0.5892212390899658,0.4476891756057739,0.4109042553191489
intermittent,202,11,LocalXGBTuned,none,41.67720071199994,0.0,0.49,3,2,2.4827586206896552,True,False,0.6796658754602871,0.7592965877572083,0.7414822474476204,0.1933103054761886,1.3488543033599854,1.0919615030288696,0.4428191489361702
intermittent,202,11,LocalXGBTuned,lead,41.70464783099999,0.0,0.49,3,2,2.4827586206896552,True,False,0.6697790276926335,0.7556557703807055,0.7521089801828458,0.1964275240898132,1.3523229360580444,1.1153360605239868,0.4601063829787234
intermittent,202,11,LocalXGBTuned,policy,41.734873912000126,0.0,0.49,3,2,2.4827586206896552,True,False,0.6676072263767893,0.7556304523748123,0.7572385569077054,0.1994459331035614,1.3783531188964844,1.133513569831848,0.4621010638297872
intermittent,202,11,IGRB,none,41.763958103999926,0.0,0.49,3,2,2.4827586206896552,True,False,0.6796658754602871,0.7592965877572083,0.7414822474476204,0.1933103054761886,1.3488543033599854,1.0919615030288696,0.4428191489361702
intermittent,202,11,IGRB,lead,41.79091224399997,0.0,0.49,3,2,2.4827586206896552,True,False,0.6697790276926335,0.7556557703807055,0.7521089801828458,0.1964275240898132,1.3523229360580444,1.1153360605239868,0.4601063829787234
intermittent,202,11,IGRB,policy,41.81731992400012,0.0,0.49,3,2,2.4827586206896552,True,False,0.6676072263767893,0.7556304523748123,0.7572385569077054,0.1994459331035614,1.3783531188964844,1.133513569831848,0.4621010638297872
intermittent,303,23,LocalXGBTuned,none,42.664118127000165,0.0,0.4499999999999999,3,2,2.561264822134388,True,False,0.6895643744781068,0.7808111202833329,0.7838418201002811,0.1866217702627182,1.5570945739746094,1.2414658069610596,0.46875
intermittent,303,23,LocalXGBTuned,lead,42.6989692210002,0.0,0.4499999999999999,3,2,2.561264822134388,True,False,0.6877310283747575,0.7797537171677474,0.7899143813244063,0.1905016452074051,1.5754419565200806,1.2689181566238403,0.4833776595744681
intermittent,303,23,LocalXGBTuned,policy,42.74222834600005,0.0,0.4499999999999999,3,2,2.561264822134388,True,False,0.6815918251214621,0.7776681082897752,0.793067565514336,0.1944135278463363,1.6114294528961182,1.2981185913085938,0.4913563829787234
intermittent,303,23,IGRB,none,42.77783156700002,0.0,0.4499999999999999,3,2,2.561264822134388,True,False,0.6895643744781068,0.7808111202833329,0.7838418201002811,0.1866217702627182,1.5570945739746094,1.2414658069610596,0.46875
intermittent,303,23,IGRB,lead,42.849124257000085,0.0,0.4499999999999999,3,2,2.561264822134388,True,False,0.6877310283747575,0.7797537171677474,0.7899143813244063,0.1905016452074051,1.5754419565200806,1.2689181566238403,0.4833776595744681
intermittent,303,23,IGRB,policy,42.88309726600005,0.0,0.4499999999999999,3,2,2.561264822134388,True,False,0.6815918251214621,0.7776681082897752,0.793067565514336,0.1944135278463363,1.6114294528961182,1.2981185913085938,0.4913563829787234
intermittent,404,37,LocalXGBTuned,none,42.34675626599983,0.0,0.52,3,2,2.493553223388306,True,False,0.6802882363538101,0.7773351016799293,0.80212546307221,0.1878150850534439,1.5241670608520508,1.2575104236602783,0.4986702127659574
intermittent,404,37,LocalXGBTuned,lead,42.37557727099989,0.0,0.52,3,2,2.493553223388306,True,False,0.6718973986677803,0.7780658687402138,0.8078914448806164,0.190582275390625,1.5089386701583862,1.2649129629135132,0.5113031914893617
intermittent,404,37,LocalXGBTuned,policy,42.40453173399988,0.0,0.52,3,2,2.493553223388306,True,False,0.6667266903782892,0.7716683635075915,0.8075888609767173,0.1975678354501724,1.5312020778656006,1.280101299285889,0.5179521276595744
intermittent,404,37,IGRB,none,42.43256000099996,0.0,0.52,3,2,2.493553223388306,True,False,0.6802882363538101,0.7773351016799293,0.80212546307221,0.1878150850534439,1.5241670608520508,1.2575104236602783,0.4986702127659574
intermittent,404,37,IGRB,lead,42.46166395299997,0.0,0.52,3,2,2.493553223388306,True,False,0.6718973986677803,0.7780658687402138,0.8078914448806164,0.190582275390625,1.5089386701583862,1.2649129629135132,0.5113031914893617
intermittent,404,37,IGRB,policy,42.48963520299981,0.0,0.52,3,2,2.493553223388306,True,False,0.6667266903782892,0.7716683635075915,0.8075888609767173,0.1975678354501724,1.5312020778656006,1.280101299285889,0.5179521276595744
intermittent,505,53,LocalXGBTuned,none,40.26031323799998,0.0,0.47,3,2,2.526510196229319,True,False,0.7018638431960751,0.7732187002532481,0.7843691842621094,0.1876898854970932,1.5136029720306396,1.213550090789795,0.4700797872340425
intermittent,505,53,LocalXGBTuned,lead,40.2918475890001,0.0,0.47,3,2,2.526510196229319,True,False,0.6995276899811507,0.7773857907556361,0.7952336733266144,0.1889978349208831,1.5024462938308716,1.222517013549805,0.4840425531914893
intermittent,505,53,LocalXGBTuned,policy,40.319811424000136,0.0,0.47,3,2,2.526510196229319,True,False,0.6975011448222608,0.7796153192934782,0.7986436505750247,0.1909600049257278,1.5147426128387451,1.2333569526672363,0.4893617021276595
intermittent,505,53,IGRB,none,40.35097226900007,0.0,0.47,3,2,2.526510196229319,True,False,0.7018638431960751,0.7732187002532481,0.7843691842621094,0.1876898854970932,1.5136029720306396,1.213550090789795,0.4700797872340425
intermittent,505,53,IGRB,lead,40.37844567900015,0.0,0.47,3,2,2.526510196229319,True,False,0.6995276899811507,0.7773857907556361,0.7952336733266144,0.1889978349208831,1.5024462938308716,1.222517013549805,0.4840425531914893
intermittent,505,53,IGRB,policy,40.40471351200017,0.0,0.47,3,2,2.526510196229319,True,False,0.6975011448222608,0.7796153192934782,0.7986436505750247,0.1909600049257278,1.5147426128387451,1.2333569526672363,0.4893617021276595
intermittent,606,71,LocalXGBTuned,none,40.94988843099986,0.0,0.57,3,2,2.5374941779226825,True,False,0.6907489382334719,0.7737434073130156,0.7860706735632201,0.1927726566791534,1.5383899211883545,1.300247073173523,0.4853723404255319
intermittent,606,71,LocalXGBTuned,lead,40.978688552999984,0.0,0.57,3,2,2.5374941779226825,True,False,0.6933468422830125,0.7821311292778288,0.8001896374610835,0.1885970532894134,1.541934609413147,1.3215763568878174,0.5006648936170213
intermittent,606,71,LocalXGBTuned,policy,41.00843260399984,0.0,0.57,3,2,2.5374941779226825,True,False,0.6803612122761059,0.7834566080183373,0.8045319067065533,0.1893812268972396,1.5625615119934082,1.3346590995788574,0.5066489361702128
intermittent,606,71,IGRB,none,41.040684330999966,0.0,0.57,3,2,2.5374941779226825,True,False,0.6907489382334719,0.7737434073130156,0.7860706735632201,0.1927726566791534,1.5383899211883545,1.300247073173523,0.4853723404255319
intermittent,606,71,IGRB,lead,41.071494652999945,0.0,0.57,3,2,2.5374941779226825,True,False,0.6933468422830125,0.7821311292778288,0.8001896374610835,0.1885970532894134,1.541934609413147,1.3215763568878174,0.5006648936170213
intermittent,606,71,IGRB,policy,41.123641057999976,0.0,0.57,3,2,2.5374941779226825,True,False,0.6803612122761059,0.7834566080183373,0.8045319067065533,0.1893812268972396,1.5625615119934082,1.3346590995788574,0.5066489361702128
correlated,202,11,LocalXGBTuned,none,37.67154261999997,0.8,0.345,6,2,1.0052386637752493,True,False,0.5049879546704438,0.591586800508721,0.1471953010079648,0.1084439679980278,0.4573971331119537,0.2397383451461792,0.0851063829787234
correlated,202,11,LocalXGBTuned,lead,37.711709929999984,0.8,0.345,6,2,1.0052386637752493,True,False,0.5521524587374511,0.6513969785220239,0.2376673685655829,0.1172683164477348,0.4641511440277099,0.2843260169029236,0.1090425531914893
correlated,202,11,LocalXGBTuned,policy,37.762767082000096,0.8,0.345,6,2,1.0052386637752493,True,False,0.5314173519954383,0.6261671112804879,0.21734996415645,0.1380894035100937,0.4736677408218384,0.3064554631710052,0.1276595744680851
correlated,202,11,IGRB,none,37.80964689099994,0.8,0.345,6,2,1.0052386637752493,True,False,0.5837717819357054,0.6572776617005813,0.1980828065407452,0.0829249545931816,0.3855363428592682,0.1568885594606399,0.0851063829787234
correlated,202,11,IGRB,lead,37.84348827600013,0.8,0.345,6,2,1.0052386637752493,True,False,0.631545478238207,0.7351246814706953,0.3511756457549776,0.1018452644348144,0.5742048621177673,0.2633157074451446,0.1090425531914893
correlated,202,11,IGRB,policy,37.87889736499994,0.8,0.345,6,2,1.0052386637752493,True,False,0.6287051310888134,0.7138235200711381,0.3589204186920015,0.1215825006365776,0.7316441535949707,0.314967006444931,0.1276595744680851
correlated,303,23,LocalXGBTuned,none,36.146017519,0.5,0.75,3,2,1.0123054114158636,True,False,0.7224052627519255,0.8974246641239735,0.8571284899904242,0.1040448918938636,1.0090397596359253,0.6146559715270996,0.2898936170212766
correlated,303,23,LocalXGBTuned,lead,36.18142563400011,0.5,0.75,3,2,1.0123054114158636,True,False,0.7392265322385263,0.9094382498619829,0.8902752992133958,0.1117864549160003,1.1240408420562744,0.7606532573699951,0.3497340425531915
correlated,303,23,LocalXGBTuned,policy,36.230204102000016,0.5,0.75,3,2,1.0123054114158636,True,False,0.7234310373784155,0.9031626448793464,0.8842004186260631,0.1247991025447845,1.1315548419952393,0.7843416333198547,0.3683510638297872
correlated,303,23,IGRB,none,36.27765290599996,0.5,0.75,3,2,1.0123054114158636,True,False,0.7531762283414618,0.9102154417070404,0.8706539793844139,0.1020432338118553,0.952975332736969,0.5551609992980957,0.2898936170212766
correlated,303,23,IGRB,lead,36.324712395000006,0.5,0.75,3,2,1.0123054114158636,True,False,0.7615348026002854,0.9268838399154012,0.9058179486191588,0.1064483746886253,1.0718687772750854,0.7073075175285339,0.3497340425531915
correlated,303,23,IGRB,policy,36.371488736999936,0.5,0.75,3,2,1.0123054114158636,True,False,0.7467099723324913,0.917725631768953,0.8977950804837147,0.1194159835577011,1.080261468887329,0.7275758385658264,0.3683510638297872
correlated,404,37,LocalXGBTuned,none,48.94353592100015,1.0,0.4649999999999999,3,4,1.0105263157894735,True,False,0.8088236304546486,0.8363980806330316,0.8065128136843145,0.124003104865551,0.8599239587783813,0.6153846979141235,0.3164893617021276
correlated,404,37,LocalXGBTuned,lead,48.97538608400009,1.0,0.4649999999999999,3,4,1.0105263157894735,True,False,0.8278110015624158,0.8793917556020097,0.8748230139977565,0.1215984895825386,1.1348363161087036,0.8733700513839722,0.4055851063829787
correlated,404,37,LocalXGBTuned,policy,49.02157590800016,1.0,0.4649999999999999,3,4,1.0105263157894735,True,False,0.7817101229097536,0.8380356280407188,0.8284015532601416,0.140134572982788,1.0297211408615112,0.781448483467102,0.3863031914893617
correlated,404,37,IGRB,none,49.07251247500017,1.0,0.4649999999999999,3,4,1.0105263157894735,True,False,0.8431182535196102,0.8974144132361116,0.8664644851490331,0.1002199202775955,0.8946926593780518,0.5840132236480713,0.3164893617021276
correlated,404,37,IGRB,lead,49.12385610199999,1.0,0.4649999999999999,3,4,1.0105263157894735,True,False,0.8485426562796884,0.9080646935856532,0.9054323324023366,0.1060364171862602,1.1283286809921265,0.8219550848007202,0.4055851063829787
correlated,404,37,IGRB,policy,49.15600258600011,1.0,0.4649999999999999,3,4,1.0105263157894735,True,False,0.7922182311421466,0.8583344366476897,0.8505598275855865,0.1326379776000976,0.9598074555397034,0.697348415851593,0.3863031914893617
correlated,505,53,LocalXGBTuned,none,37.37483975400005,1.0,0.185,3,2,1.0034843205574913,True,False,0.8301846596961253,0.8961142975820136,0.8565703681650872,0.0895539075136184,1.0478304624557495,0.5904732346534729,0.2765957446808511
correlated,505,53,LocalXGBTuned,lead,37.42140277399994,1.0,0.185,3,2,1.0034843205574913,True,False,0.8517705457196074,0.9192331585111256,0.9027349827344096,0.0810013860464096,1.1252233982086182,0.6674109101295471,0.3184840425531915
correlated,505,53,LocalXGBTuned,policy,37.46783975800008,1.0,0.185,3,2,1.0034843205574913,True,False,0.851617920954171,0.9189554996006608,0.9022513347492814,0.0821760445833206,1.1502424478530884,0.6900854110717773,0.319813829787234
correlated,505,53,IGRB,none,37.50233552000009,1.0,0.185,3,2,1.0034843205574913,True,False,0.8382438317565482,0.8910757211538461,0.857055820030361,0.0885021314024925,0.976901650428772,0.5702839493751526,0.2765957446808511
correlated,505,53,IGRB,lead,37.53208430199993,1.0,0.185,3,2,1.0034843205574913,True,False,0.8702516175413372,0.911690004582718,0.9042999787103824,0.0766587555408477,1.1155990362167358,0.6760270595550537,0.3184840425531915
correlated,505,53,IGRB,policy,37.561095088,1.0,0.185,3,2,1.0034843205574913,True,False,0.8667875296526808,0.9080310854504404,0.9017249684987696,0.0777396336197853,1.1074035167694092,0.6816713213920593,0.319813829787234
correlated,606,71,LocalXGBTuned,none,44.67663263100008,0.4,0.325,3,4,1.0194722201338244,True,False,0.7000997008973081,0.8155372621708553,0.7516571164286474,0.1440477818250656,1.390658974647522,0.8166433572769165,0.2825797872340425
correlated,606,71,LocalXGBTuned,lead,44.70633069199994,0.4,0.325,3,4,1.0194722201338244,True,False,0.7219089048225626,0.8497476678391191,0.822452598870079,0.1394646763801574,1.6631985902786257,1.040385127067566,0.3344414893617021
correlated,606,71,LocalXGBTuned,policy,44.73696202199994,0.4,0.325,3,4,1.0194722201338244,True,False,0.7121095067925334,0.8312515020139002,0.8097516079701957,0.1504371762275695,1.5502946376800537,1.0112131834030151,0.3583776595744681
correlated,606,71,IGRB,none,44.767487915999936,0.4,0.325,3,4,1.0194722201338244,True,False,0.7403368060675679,0.8384342801068528,0.7771116088949639,0.12445879727602,1.2440311908721924,0.7346283793449402,0.2825797872340425
correlated,606,71,IGRB,lead,44.79927699500013,0.4,0.325,3,4,1.0194722201338244,True,False,0.7627662388402336,0.8589521810197754,0.833086631156286,0.12263073772192,1.5147345066070557,0.9531258344650269,0.3344414893617021
correlated,606,71,IGRB,policy,44.83071660199994,0.4,0.325,3,4,1.0194722201338244,True,False,0.7492483083344352,0.8388283810933699,0.8191048474704685,0.1369734555482864,1.414268970489502,0.9272174835205078,0.3583776595744681
seasonal,707,11,LocalXGBTuned,none,40.121336178999854,0.8,0.27,3,4,1.0034843205574913,True,False,0.683686305321762,0.772896584281298,0.502164426710356,0.1184440180659294,0.4236349761486053,0.2327641099691391,0.1761968085106383
seasonal,707,11,LocalXGBTuned,lead,40.1507242969999,0.8,0.27,3,4,1.0034843205574913,True,False,0.7308164220268554,0.8781979037529585,0.8313727394252923,0.2025764137506485,0.653260350227356,0.504463791847229,0.3789893617021276
seasonal,707,11,LocalXGBTuned,policy,40.17974977899985,0.8,0.27,3,4,1.0034843205574913,True,False,0.6999846555163418,0.8650573351512552,0.8313538903946442,0.2382246851921081,0.6696709990501404,0.5451070070266724,0.4235372340425531
seasonal,707,11,IGRB,none,40.20993244900001,0.8,0.27,3,4,1.0034843205574913,True,False,0.6760556485642396,0.7763077344785052,0.493229699738543,0.1185687631368637,0.4151997864246368,0.2340624034404754,0.1761968085106383
seasonal,707,11,IGRB,lead,40.258733541999845,0.8,0.27,3,4,1.0034843205574913,True,False,0.7008072833315552,0.8616908974792441,0.8086716653770283,0.2208946943283081,0.6784144639968872,0.5418736338615417,0.3789893617021276
seasonal,707,11,IGRB,policy,40.29465807799989,0.8,0.27,3,4,1.0034843205574913,True,False,0.6641472455818181,0.8458659481892304,0.8164924327724046,0.2581500709056854,0.6830456256866455,0.5744210481643677,0.4235372340425531
seasonal,808,23,LocalXGBTuned,none,40.10255655699984,0.3,0.27,3,4,1.0,True,False,0.636294421787387,0.7369120257086147,0.3633059677203989,0.1135119572281837,0.3585132956504822,0.1882110685110092,0.1482712765957446
seasonal,808,23,LocalXGBTuned,lead,40.1380288649998,0.3,0.27,3,4,1.0,True,False,0.7900639480703108,0.8948463720226829,0.8658384675513248,0.1714227199554443,0.6324983835220337,0.4737856984138489,0.3863031914893617
seasonal,808,23,LocalXGBTuned,policy,40.17296071399983,0.3,0.27,3,4,1.0,True,False,0.7695988247204966,0.8824473063903231,0.8685292063632988,0.1959288120269775,0.6139727234840393,0.4870378077030182,0.4301861702127659
seasonal,808,23,IGRB,none,40.213294847999805,0.3,0.27,3,4,1.0,True,False,0.6412293090428842,0.7409640030385454,0.372828707998517,0.1121317893266677,0.3549342751502991,0.1875380277633667,0.1482712765957446
seasonal,808,23,IGRB,lead,40.24901321399989,0.3,0.27,3,4,1.0,True,False,0.7780040020390617,0.8941638710856428,0.8608213435424894,0.1812868565320968,0.5977784991264343,0.4700115621089935,0.3863031914893617
seasonal,808,23,IGRB,policy,40.28486071999987,0.3,0.27,3,4,1.0,True,False,0.7522483968303703,0.8821776839158921,0.8655530446096693,0.2078563868999481,0.5793057084083557,0.4826294183731079,0.4301861702127659
seasonal,909,37,LocalXGBTuned,none,32.421073127,1.0,0.3,3,2,1.0,True,False,0.6677960161224371,0.7648152081563296,0.446527793574349,0.1048225238919258,0.5010786652565002,0.2364259213209152,0.1462765957446808
seasonal,909,37,LocalXGBTuned,lead,32.450109241000064,1.0,0.3,3,2,1.0,True,False,0.7480672095660241,0.8946502972266381,0.8570244460664416,0.1821606457233429,0.68827223777771,0.4993161857128143,0.3763297872340425
seasonal,909,37,LocalXGBTuned,policy,32.478404613000066,1.0,0.3,3,2,1.0,True,False,0.7207204403474812,0.888226171361845,0.8586756386655747,0.2071100622415542,0.7036512494087219,0.5331630110740662,0.4122340425531915
seasonal,909,37,IGRB,none,32.50621864799996,1.0,0.3,3,2,1.0,True,False,0.6536081248746276,0.7686420277541772,0.4495189908199331,0.1045295000076294,0.4972962439060211,0.240652784705162,0.1462765957446808
seasonal,909,37,IGRB,lead,32.5378119049999,1.0,0.3,3,2,1.0,True,False,0.7537798408488063,0.8924502927060809,0.8452853041960234,0.1767616420984268,0.6989627480506897,0.5015422105789185,0.3763297872340425
seasonal,909,37,IGRB,policy,32.586973084999954,1.0,0.3,3,2,1.0,True,False,0.7371764009400823,0.8952041672748503,0.866395375391257,0.1987061947584152,0.7148252725601196,0.5331342220306396,0.4122340425531915
seasonal,1010,53,LocalXGBTuned,none,36.14431122899987,0.3,0.265,3,4,1.0,True,False,0.6709992827019245,0.7898317368905605,0.453627676371295,0.0911286920309066,0.478144884109497,0.2204197198152542,0.1296542553191489
seasonal,1010,53,LocalXGBTuned,lead,36.17424238600006,0.3,0.265,3,4,1.0,True,False,0.6934335600365907,0.8672058105468751,0.769824805028639,0.1817418187856674,0.5866948962211609,0.4167583882808685,0.3191489361702128
seasonal,1010,53,LocalXGBTuned,policy,36.21364843099991,0.3,0.265,3,4,1.0,True,False,0.6671441572887624,0.8630235456957795,0.7870934977498132,0.212611049413681,0.566566526889801,0.428148090839386,0.363031914893617
seasonal,1010,53,IGRB,none,36.24532667499989,0.3,0.265,3,4,1.0,True,False,0.6638081690713269,0.7923840865017335,0.4640285014178836,0.0904759988188743,0.4755741357803345,0.2190842479467392,0.1296542553191489
seasonal,1010,53,IGRB,lead,36.277526322000085,0.3,0.265,3,4,1.0,True,False,0.672093023255814,0.8606770833333333,0.7539746079839058,0.1872189044952392,0.5807368159294128,0.420771062374115,0.3191489361702128
seasonal,1010,53,IGRB,policy,36.30935869299992,0.3,0.265,3,4,1.0,True,False,0.6543569355395656,0.858299494520789,0.7786226102533753,0.2197340279817581,0.5571548342704773,0.4318270683288574,0.363031914893617
seasonal,1111,71,LocalXGBTuned,none,31.631771937000167,1.0,0.29,3,2,1.0,True,False,0.6377098230133373,0.758371517595308,0.4229652930944986,0.1245793104171752,0.459539383649826,0.2350218594074249,0.175531914893617
seasonal,1111,71,LocalXGBTuned,lead,31.67648562999989,1.0,0.29,3,2,1.0,True,False,0.8230684819087523,0.900614526880282,0.8604719017013106,0.1554759889841079,0.5926589965820312,0.4608431160449981,0.40625
seasonal,1111,71,LocalXGBTuned,policy,31.7240689570001,1.0,0.29,3,2,1.0,True,False,0.8119186186330624,0.8912014797388907,0.874547891169072,0.1636365801095962,0.5965923070907593,0.469383180141449,0.4381648936170212
seasonal,1111,71,IGRB,none,31.771187878999854,1.0,0.29,3,2,1.0,True,False,0.6504256021009736,0.7823099951124145,0.4539497633045315,0.1209114789962768,0.4428567290306091,0.2293295562267303,0.175531914893617
seasonal,1111,71,IGRB,lead,31.81960771599984,1.0,0.29,3,2,1.0,True,False,0.7493273291975058,0.8731248499421762,0.8307615815358419,0.1951174885034561,0.5750410556793213,0.4830724596977234,0.40625
seasonal,1111,71,IGRB,policy,31.85440182499974,1.0,0.29,3,2,1.0,True,False,0.7387773633794161,0.882213502617378,0.8697100881714748,0.2060978710651397,0.5881214141845703,0.4990352988243103,0.4381648936170212
correlated,707,11,LocalXGBTuned,none,33.19079016599994,1.0,0.185,3,2,1.0105263157894735,True,False,0.6181089773731826,0.6626118326118325,0.2622841125878861,0.0873643606901168,0.5153063535690308,0.1986671835184097,0.1023936170212766
correlated,707,11,LocalXGBTuned,lead,33.22034008299988,1.0,0.185,3,2,1.0105263157894735,True,False,0.6598336610249956,0.7051424571805007,0.3665278489800712,0.0942226350307464,0.5045572519302368,0.2155911922454834,0.1223404255319148
correlated,707,11,LocalXGBTuned,policy,33.24908009000001,1.0,0.185,3,2,1.0105263157894735,True,False,0.6125305076493889,0.6851459885264148,0.3428882490455011,0.1188369914889335,0.5107592344284058,0.247726485133171,0.1522606382978723
correlated,707,11,IGRB,none,33.277356231999875,1.0,0.185,3,2,1.0105263157894735,True,False,0.5769888146080786,0.7104232804232804,0.2719788548059286,0.0883882194757461,0.4669944047927856,0.2011081576347351,0.1023936170212766
correlated,707,11,IGRB,lead,33.30519616999982,1.0,0.185,3,2,1.0105263157894735,True,False,0.5913647885047272,0.7460700757575758,0.3649896040726733,0.095107227563858,0.5019664764404297,0.2241861969232559,0.1223404255319148
correlated,707,11,IGRB,policy,33.334021856999925,1.0,0.185,3,2,1.0105263157894735,True,False,0.6195489576508373,0.7569603561948797,0.3876908716349285,0.1129970327019691,0.5080059766769409,0.2504274249076843,0.1522606382978723
correlated,808,23,LocalXGBTuned,none,41.63722162700015,1.0,0.59,6,4,1.0034843205574913,True,False,0.6405198345195141,0.7218621625948858,0.5962724234365105,0.1805524677038192,0.7195811867713928,0.4625142216682434,0.2799202127659574
correlated,808,23,LocalXGBTuned,lead,41.69150133500011,1.0,0.59,6,4,1.0034843205574913,True,False,0.7642409272278168,0.8319950131855973,0.8429099095951067,0.1627725809812545,1.1794894933700562,0.8555697202682495,0.4375
correlated,808,23,LocalXGBTuned,policy,41.74597211800005,1.0,0.59,6,4,1.0034843205574913,True,False,0.7478734545344956,0.8219066879089088,0.8352347702939169,0.1727694272994995,1.090630054473877,0.8177307844161987,0.4474734042553192
correlated,808,23,IGRB,none,41.80351808199998,1.0,0.59,6,4,1.0034843205574913,True,False,0.6694700687366184,0.7835518913548405,0.6485441328191078,0.1616350710391998,0.6864829659461975,0.4422090649604797,0.2799202127659574
correlated,808,23,IGRB,lead,41.85518084,1.0,0.59,6,4,1.0034843205574913,True,False,0.7682941154947533,0.871230248550303,0.87360419056449,0.1449508517980575,1.1573023796081543,0.8394722938537598,0.4375
correlated,808,23,IGRB,policy,41.894208282000136,1.0,0.59,6,4,1.0034843205574913,True,False,0.7542176550318668,0.8611476174894459,0.8714245968878965,0.1545538157224655,1.079076886177063,0.8037181496620178,0.4474734042553192
correlated,909,37,LocalXGBTuned,none,33.64521589800006,1.0,0.2249999999999999,3,2,1.0034843205574913,True,False,0.5390598893917734,0.6381340724552705,0.2612937866994173,0.1732762455940246,0.5796334147453308,0.3923032581806183,0.1456117021276596
correlated,909,37,LocalXGBTuned,lead,33.67452715700006,1.0,0.2249999999999999,3,2,1.0034843205574913,True,False,0.6440475690918399,0.7126380292151523,0.4392782961327512,0.1839550286531448,0.5976926684379578,0.4597708582878113,0.2327127659574468
correlated,909,37,LocalXGBTuned,policy,33.702144137000005,1.0,0.2249999999999999,3,2,1.0034843205574913,True,False,0.6461560145281076,0.7240364918850279,0.5169713910825265,0.1870832592248916,0.6791502237319946,0.4882929623126983,0.2566489361702128
correlated,909,37,IGRB,none,33.73089048200018,1.0,0.2249999999999999,3,2,1.0034843205574913,True,False,0.5714060898376525,0.6970648330757068,0.334388726123106,0.1268939524888992,0.5349226593971252,0.2699654996395111,0.1456117021276596
correlated,909,37,IGRB,lead,33.76006488600001,1.0,0.2249999999999999,3,2,1.0034843205574913,True,False,0.6554126087248753,0.8149034414459024,0.6504274350193311,0.135352149605751,0.5951208472251892,0.3848484456539154,0.2327127659574468
correlated,909,37,IGRB,policy,33.78823897500001,1.0,0.2249999999999999,3,2,1.0034843205574913,True,False,0.6642857142857144,0.8146892118605578,0.6680824499666089,0.1451546102762222,0.6696316599845886,0.4453295469284057,0.2566489361702128
correlated,1010,53,LocalXGBTuned,none,39.68774239900017,0.9,0.3349999999999999,6,4,1.0034843205574913,True,False,0.7942398237478456,0.8573971871105572,0.7412036425445994,0.0838409960269928,0.9846870303153992,0.4764851629734039,0.1821808510638297
correlated,1010,53,LocalXGBTuned,lead,39.744191679000096,0.9,0.3349999999999999,6,4,1.0034843205574913,True,False,0.8363753525311106,0.9027209705372616,0.8447437756611359,0.0783706754446029,1.2523305416107178,0.6492141485214233,0.2327127659574468
correlated,1010,53,LocalXGBTuned,policy,39.794232371000135,0.9,0.3349999999999999,6,4,1.0034843205574913,True,False,0.8215326197256866,0.8987981051560113,0.8290871405285971,0.0861802101135253,1.2475796937942505,0.6518508791923523,0.2367021276595744
correlated,1010,53,IGRB,none,39.82690101200001,0.9,0.3349999999999999,6,4,1.0034843205574913,True,False,0.8328826121794872,0.8887840484244258,0.8021327658555624,0.0702709332108497,0.9636316895484924,0.449620634317398,0.1821808510638297
correlated,1010,53,IGRB,lead,39.86075265900013,0.9,0.3349999999999999,6,4,1.0034843205574913,True,False,0.862950941238205,0.91427828670463,0.8716702089984978,0.0693300887942314,1.209977388381958,0.6181509494781494,0.2327127659574468
correlated,1010,53,IGRB,policy,39.89439167900014,0.9,0.3349999999999999,6,4,1.0034843205574913,True,False,0.8408880425486898,0.9200783972125436,0.8719377383733903,0.0759770348668098,1.201006531715393,0.615992546081543,0.2367021276595744
correlated,1111,71,LocalXGBTuned,none,39.72592317700014,1.0,0.85,6,4,1.0,True,False,0.5369458128078818,0.6067439668174962,0.2970685944148686,0.1149924546480178,0.949643850326538,0.357124924659729,0.1356382978723404
correlated,1111,71,LocalXGBTuned,lead,39.760798838000255,1.0,0.85,6,4,1.0,True,False,0.569090287340918,0.7092317137018013,0.5148633066247381,0.1412244886159896,1.0719835758209229,0.4511123895645141,0.2107712765957446
correlated,1111,71,LocalXGBTuned,policy,39.79319471600024,1.0,0.85,6,4,1.0,True,False,0.5618884180604509,0.675879214306655,0.5339642912110587,0.1674830764532089,1.0742923021316528,0.4998877048492431,0.2519946808510638
correlated,1111,71,IGRB,none,39.82526898399988,1.0,0.85,6,4,1.0,True,False,0.5545618463757663,0.6815686274509805,0.3396356784300577,0.1355287283658981,0.8414780497550964,0.3992520570755005,0.1356382978723404
correlated,1111,71,IGRB,lead,39.86119528499989,1.0,0.85,6,4,1.0,True,False,0.5629123703135478,0.7772477337294933,0.5720287058797398,0.1354821175336837,0.9265508055686952,0.4435035288333893,0.2107712765957446
correlated,1111,71,IGRB,policy,39.893256317999885,1.0,0.85,6,4,1.0,True,False,0.5557131041002009,0.7607059513339196,0.6053471804336858,0.149549052119255,0.955820381641388,0.4712212085723877,0.2519946808510638
