case,shift,method,f1,f1_sd,auprc,brier,rmse_pos,alpha,adi
correlated,lead,IGRB,0.8157107870663461,0.008077390675795345,0.9479663143874113,0.13464875221252434,1.2074586153030396,0.52,1.006993006993007
correlated,lead,LocalXGBTuned,0.7979329370312925,0.008005920098464424,0.9426625228824441,0.14801856577396388,1.2873663187026978,0.52,1.006993006993007
correlated,none,IGRB,0.795272480525451,0.00896827479302462,0.8899265550929318,0.1388465732336044,1.1139032602310182,0.52,1.006993006993007
correlated,none,LocalXGBTuned,0.783229617619531,0.010319109983590116,0.8801296553831172,0.14260960221290586,1.0458152294158936,0.52,1.006993006993007
correlated,policy,IGRB,0.8002965171359977,0.00789130139279934,0.9486944792694658,0.13555193841457364,1.210982322692871,0.52,1.006993006993007
correlated,policy,LocalXGBTuned,0.7911833522436328,0.00546999480793287,0.9445484229492791,0.15002732276916503,1.2981696128845215,0.52,1.006993006993007
intermittent,lead,IGRB,0.6849365676777524,0.0013505017061729557,0.7901011776014284,0.19434740245342252,2.008178949356079,0.0,2.548872180451128
intermittent,lead,LocalXGBTuned,0.6849365676777524,0.0013505017061729557,0.7901011776014284,0.19434740245342252,2.008178949356079,0.0,2.548872180451128
intermittent,none,IGRB,0.6939146292730733,0.004469614480565424,0.7902101505908992,0.19261380136013026,2.0330587148666384,0.0,2.548872180451128
intermittent,none,LocalXGBTuned,0.6939146292730733,0.004469614480565424,0.7902101505908992,0.19261380136013026,2.0330587148666384,0.0,2.548872180451128
intermittent,policy,IGRB,0.6793816097291486,0.003363858422868453,0.7935824076883056,0.19537638723850248,2.0225518226623533,0.0,2.548872180451128
intermittent,policy,LocalXGBTuned,0.6793816097291486,0.003363858422868453,0.7935824076883056,0.19537638723850248,2.0225518226623533,0.0,2.548872180451128
retail,lead,IGRB,0.8633502987284771,0.0027414998394550277,0.9595789923941419,0.10090069621801372,8.516353607177734,0.0,1.508860759493671
retail,lead,LocalXGBTuned,0.8633502987284771,0.0027414998394550277,0.9595789923941419,0.10090069621801372,8.516353607177734,0.0,1.508860759493671
retail,none,IGRB,0.8611163811657697,0.0022235961676944915,0.9574370992076859,0.1046784922480583,8.676831245422363,0.0,1.508860759493671
retail,none,LocalXGBTuned,0.8611163811657697,0.0022235961676944915,0.9574370992076859,0.1046784922480583,8.676831245422363,0.0,1.508860759493671
retail,policy,IGRB,0.8618043173813497,0.003436728880591414,0.960263502337221,0.10050781965255733,8.067127799987793,0.0,1.508860759493671
retail,policy,LocalXGBTuned,0.8618043173813497,0.003436728880591414,0.960263502337221,0.10050781965255733,8.067127799987793,0.0,1.508860759493671
seasonal,lead,IGRB,0.7779478230673849,0.013575906485523818,0.859383717863407,0.18902627527713772,0.6885981440544129,0.68,1.0
seasonal,lead,LocalXGBTuned,0.7483922112090369,0.034763524236174265,0.8500018985181212,0.20474727451801294,0.6736377120018006,0.68,1.0
seasonal,none,IGRB,0.6803553690739733,0.0037019094166830706,0.48522797490913694,0.11282031238079068,0.44154222011566163,0.68,1.0
seasonal,none,LocalXGBTuned,0.6752202676202449,0.0034879180090381023,0.4769290631477251,0.11377567648887632,0.44446399211883547,0.68,1.0
seasonal,policy,IGRB,0.7477662024367226,0.01634038706910341,0.8729136865618259,0.21038992106914517,0.7322061419486999,0.68,1.0
seasonal,policy,LocalXGBTuned,0.7122666900750428,0.0325059304000723,0.8562823429754953,0.23227696716785426,0.7066189527511597,0.68,1.0
