case,shift,method,cost,cost_sd,policy_scale,fill_rate
correlated,lead,IGRB,71741.44193513512,852.7236259056551,0.25,0.4686999117848841
correlated,lead,LocalXGBTuned,72664.82807047668,869.0187977457335,0.25,0.46369232877429045
correlated,none,IGRB,50836.77230945056,61.955572409756044,0.25,0.5803943155964761
correlated,none,LocalXGBTuned,50907.05654762244,115.65750780841753,0.25,0.5796393883245109
correlated,policy,IGRB,72541.67196094964,1937.4440901581197,0.25,0.44809540559748945
correlated,policy,LocalXGBTuned,74466.58293242159,768.019646143049,0.25,0.43787310360396914
intermittent,lead,IGRB,92898.18603250771,0.0,0.0,0.3663236037076837
intermittent,lead,LocalXGBTuned,92898.18603250771,0.0,0.0,0.3663236037076837
intermittent,none,IGRB,95648.07323924013,0.0,0.0,0.3679045864956126
intermittent,none,LocalXGBTuned,95648.07323924013,0.0,0.0,0.3679045864956126
intermittent,policy,IGRB,91863.43172580018,0.0,0.0,0.3636676256032376
intermittent,policy,LocalXGBTuned,91863.43172580018,0.0,0.0,0.3636676256032376
retail,lead,IGRB,430711.52914757363,0.0,0.0,0.1744089638328915
retail,lead,LocalXGBTuned,430711.52914757363,0.0,0.0,0.1744089638328915
retail,none,IGRB,430890.1867276079,0.0,0.0,0.1750133680886013
retail,none,LocalXGBTuned,430890.1867276079,0.0,0.0,0.1750133680886013
retail,policy,IGRB,432696.4203336479,0.0,0.0,0.1671008655488765
retail,policy,LocalXGBTuned,432696.4203336479,0.0,0.0,0.1671008655488765
seasonal,lead,IGRB,23127.862067786133,0.0,0.0,0.6878867533983302
seasonal,lead,LocalXGBTuned,23127.862067786133,0.0,0.0,0.6878867533983302
seasonal,none,IGRB,10916.927645727044,0.0,0.0,0.9036114358525079
seasonal,none,LocalXGBTuned,10916.927645727044,0.0,0.0,0.9036114358525079
seasonal,policy,IGRB,24855.30821484669,0.0,0.0,0.6579503825582182
seasonal,policy,LocalXGBTuned,24855.30821484669,0.0,0.0,0.6579503825582182
